object,count(*)
abacus,382
abaya,601
academic_gown,253
accordion,304
acorn,193
acorn_squash,162
acoustic_guitar,176
Afghan_hound,97
African_chameleon,123
African_crocodile,51
African_elephant,52
African_grey,69
aircraft_carrier,121
airplane,133
airship,256
alp,604
altar,845
ambulance,223
American_alligator,125
American_lobster,143
amphibian,125
analog_clock,1679
ant,200
apiary,56
apple,253
apron,712
Arabian_camel,203
artichoke,90
ashcan,314
assault_rifle,194
axolotl,55
backpack,257
badger,67
bagel,476
bakery,3138
balance_beam,625
balloon,401
ballplayer,613
ballpoint,157
banana,348
banded_gecko,178
Band_Aid,5743
banjo,331
bannister,243
barbell,208
barbershop,2605
barber_chair,216
barn,300
barn_spider,88
barometer,217
barracouta,122
barrel,288
barrow,95
baseball,372
"baseball bat",51
basketball,247
basset,66
bassinet,53
bassoon,161
bathing_cap,1592
bathtub,175
bath_towel,379
beacon,371
beagle,56
beaker,171
bear,75
bearskin,224
beaver,90
bed,209
bee,98
beer_bottle,325
beer_glass,226
bell_cote,255
bell_pepper,172
bench,83
bib,1497
bicycle,184
bicycle-built-for-two,215
bighorn,56
bikini,1034
binder,3848
binoculars,183
bird,1155
birdhouse,268
bloodhound,80
boat,191
boathouse,140
bobsled,240
bolete,149
bolo_tie,193
bonnet,271
book,451
bookcase,183
bookshop,6077
borzoi,66
Boston_bull,72
bottle,470
bottlecap,351
Bouvier_des_Flandres,131
bow,349
bowl,881
bow_tie,1114
brass,8798
brassiere,1621
breakwater,73
breastplate,255
broccoli,207
broom,226
brown_bear,84
bubble,278
bucket,236
buckeye,157
buckle,621
bulletproof_vest,397
burrito,188
bus,68
butcher_shop,566
butternut_squash,139
cab,267
cake,549
caldron,200
candle,1048
cannon,54
canoe,89
can_opener,778
car,261
carbonara,144
cardigan,123
carousel,341
carpenter's_kit,258
carrot,116
carton,4683
car_mirror,64
car_wheel,58
cash_machine,3292
cassette,1238
cassette_player,97
castle,330
cat,747
catamaran,54
cauliflower,229
CD_player,56
"cell phone",79
cello,137
cellular_telephone,373
centipede,87
chain,311
chainlink_fence,252
chain_mail,150
chain_saw,299
chair,602
chambered_nautilus,289
cheeseburger,156
cheetah,60
Chesapeake_Bay_retriever,52
chest,155
Chihuahua,300
chime,131
chimpanzee,155
chiton,64
chocolate_sauce,483
chow,65
Christmas_stocking,655
church,397
cinema,2011
cleaver,282
cliff,348
cloak,333
clock,556
clog,140
clumber,66
cock,57
cocker_spaniel,62
cockroach,162
cocktail_shaker,130
coffeepot,120
coffee_mug,776
coho,219
coil,367
combination_lock,149
common_iguana,60
computer_keyboard,82
conch,361
confectionery,1503
consomme,208
container_ship,141
coral_reef,359
corkscrew,400
corn,1324
cornet,400
couch,55
cougar,69
cow,116
cowboy_boot,248
cowboy_hat,553
coyote,51
cradle,131
crane,435
crash_helmet,331
crate,664
crayfish,292
crib,162
Crock_Pot,608
croquet_ball,288
crossword_puzzle,1674
crutch,102
cucumber,275
cuirass,124
cup,801
custard_apple,133
daisy,91
dalmatian,64
dam,106
desk,212
desktop_computer,87
dial_telephone,80
diaper,1175
digital_clock,1375
digital_watch,208
dingo,64
"dining table",220
dining_table,291
dishwasher,74
dog,858
dogsled,147
dome,197
donut,238
doormat,1603
dough,193
dragonfly,82
drilling_platform,241
drum,237
drumstick,247
dugong,151
dumbbell,325
Dungeness_crab,425
Dutch_oven,99
ear,164
earthstar,52
eel,70
eggnog,1081
Egyptian_cat,148
electric_fan,306
electric_guitar,859
electric_ray,308
elephant,100
Eskimo_dog,64
espresso,189
espresso_maker,127
face_powder,1183
feather_boa,133
fig,216
file,56
fire_engine,153
fire_screen,303
flagpole,119
flute,234
folding_chair,243
football_helmet,344
fork,115
forklift,59
fountain,481
fountain_pen,145
four-poster,77
freight_car,307
French_horn,137
French_loaf,361
frilled_lizard,138
frisbee,155
frying_pan,301
fur_coat,432
gar,92
garbage_truck,130
gasmask,158
gas_pump,279
German_shepherd,63
geyser,362
giant_panda,105
giraffe,58
go-kart,92
goblet,193
golden_retriever,112
goldfish,118
golf_ball,358
gondola,67
gong,412
goose,77
gorilla,159
gown,2004
grand_piano,160
Granny_Smith,289
Great_Dane,71
great_white_shark,185
greenhouse,53
green_mamba,120
grey_whale,91
grocery_store,737
groenendael,149
groom,519
ground_beetle,56
guacamole,221
guillotine,281
guinea_pig,137
gyromitra,75
hair_slide,1009
hair_spray,3124
half_track,161
hammer,305
hammerhead,157
hamper,272
hamster,105
hand-held_computer,270
handbag,88
handkerchief,1615
hand_blower,754
hard_disc,249
hare,157
harmonica,598
harp,140
harvester,103
hatchet,331
head_cabbage,346
hen-of-the-woods,164
hermit_crab,71
hip,73
hippopotamus,91
hog,162
home_theater,89
honeycomb,276
hook,628
hoopskirt,647
horizontal_bar,109
horned_viper,137
horse,655
horse_cart,187
hotdog,306
hot_pot,166
hourglass,193
hummingbird,59
ibex,105
ice_bear,239
ice_cream,473
ice_lolly,247
Indian_cobra,132
Indian_elephant,123
indri,67
iPod,205
Irish_setter,105
Irish_water_spaniel,79
iron,548
isopod,454
jack-o'-lantern,136
jaguar,88
jean,1264
jellyfish,363
jersey,5393
jinrikisha,116
joystick,209
kelpie,70
killer_whale,255
kimono,263
king_crab,238
king_penguin,63
kite,386
knee_pad,182
knot,237
kuvasz,143
Labrador_retriever,139
lab_coat,538
ladle,175
Lakeland_terrier,67
lakeside,916
lampshade,73
laptop,748
lawn_mower,186
leatherback_turtle,132
lemon,95
lens_cap,58
leopard,65
letter_opener,124
library,1633
lighter,779
limousine,90
liner,114
lion,57
lipstick,912
llama,77
Loafer,75
loggerhead,92
lotion,2202
loudspeaker,72
loupe,1151
lumbermill,120
lynx,66
macaque,62
macaw,87
Madagascar_cat,53
magnetic_compass,471
mailbag,321
mailbox,425
maillot,1656
malamute,67
malinois,60
manhole_cover,160
mantis,67
maraca,481
marimba,254
marmoset,64
mashed_potato,51
mask,815
matchstick,680
maypole,68
maze,625
measuring_cup,226
meat_loaf,468
medicine_chest,79
meerkat,88
megalith,89
Mexican_hairless,59
microphone,438
microwave,158
military_uniform,517
milk_can,100
minibus,54
miniskirt,338
mink,73
missile,78
mitten,52
mixing_bowl,139
modem,327
monastery,185
monitor,2026
moped,108
mortar,201
mortarboard,267
mosque,212
mosquito_net,69
motorcycle,123
motor_scooter,134
mountain_bike,341
mountain_tent,69
mouse,194
mousetrap,999
moving_van,840
mushroom,169
muzzle,428
nail,427
necklace,162
neck_brace,510
nematode,877
night_snake,84
nipple,820
notebook,219
obelisk,72
oboe,239
ocarina,614
odometer,72
oil_filter,507
orange,344
orangutan,103
organ,114
oscilloscope,1145
otter,78
overskirt,420
ox,225
oxcart,94
oxygen_mask,168
paddle,324
paddlewheel,53
padlock,212
paintbrush,437
pajama,683
palace,355
panpipe,714
paper_towel,516
parachute,326
parallel_bars,100
parking_meter,169
park_bench,412
pay-phone,80
pedestal,139
pelican,57
pencil_box,1172
pencil_sharpener,486
perfume,3731
Persian_cat,77
person,24564
Petri_dish,172
pick,1043
pickelhaube,536
picket_fence,224
pier,261
piggy_bank,214
pillow,935
pill_bottle,784
pineapple,111
ping-pong_ball,481
pinwheel,217
pirate,61
pitcher,142
pizza,649
plane,203
planetarium,171
plastic_bag,1442
plate,1272
plate_rack,170
platypus,273
plow,119
plunger,413
Polaroid_camera,54
pole,189
polecat,85
police_van,61
pomegranate,264
poncho,151
pool_table,87
pop_bottle,131
pot,135
potpie,348
"potted plant",252
potter's_wheel,461
power_drill,242
prayer_rug,1586
pretzel,1049
printer,85
prison,334
proboscis_monkey,81
projectile,106
projector,125
promontory,77
puck,655
pug,150
punching_bag,154
purse,147
quail,56
quill,876
quilt,285
racer,285
racket,417
radio,111
radio_telescope,96
rain_barrel,58
rapeseed,273
recreational_vehicle,134
red_fox,54
red_wine,679
red_wolf,53
reel,116
refrigerator,355
remote_control,357
restaurant,966
revolver,168
rhinoceros_beetle,96
rifle,883
rocking_chair,196
rock_beauty,102
rock_crab,94
rotisserie,318
rubber_eraser,846
rugby_ball,296
rule,1622
running_shoe,187
safe,488
safety_pin,599
saltshaker,182
Saluki,60
sandal,282
sandbar,116
sandwich,157
sarong,744
sax,471
scabbard,105
scale,629
school_bus,132
schooner,67
scissors,209
scoreboard,5139
scorpion,177
screen,2592
screw,387
screwdriver,320
scuba_diver,133
seashore,1223
seat_belt,54
sea_anemone,152
sea_cucumber,53
sea_lion,134
sea_slug,54
sea_snake,82
sea_urchin,127
sewing_machine,367
sheep,97
shield,518
shoe_shop,371
shoji,75
shopping_basket,167
shopping_cart,155
shovel,171
shower_cap,819
shower_curtain,403
Siamese_cat,59
Siberian_husky,72
sidewinder,68
skateboard,75
ski,371
ski_mask,289
skunk,70
sleeping_bag,674
slide_rule,452
sliding_door,61
slot,2441
snail,220
snorkel,187
snowmobile,174
soap_dispenser,183
soccer_ball,201
sock,168
solar_dish,203
sombrero,524
sorrel,199
soup_bowl,264
space_bar,101
space_heater,70
space_shuttle,306
spaghetti_squash,140
spatula,183
speedboat,79
spider_web,93
spindle,87
spiny_lobster,129
spoon,97
"sports ball",212
sports_car,59
spotlight,367
Staffordshire_bullterrier,81
stage,1500
starfish,231
steam_locomotive,86
steel_arch_bridge,136
steel_drum,90
stethoscope,354
stole,412
stone_wall,53
"stop sign",567
stopwatch,555
stove,154
strainer,138
strawberry,339
streetcar,59
street_sign,3966
stretcher,256
studio_couch,111
stupa,119
sturgeon,70
submarine,63
suit,560
suitcase,77
sundial,379
sunglass,475
sunglasses,910
sunscreen,2497
suspension_bridge,93
Sussex_spaniel,174
swab,416
sweatshirt,671
swimming_trunks,1017
swing,290
switch,151
syringe,274
tabby,177
table_lamp,100
tailed_frog,90
tank,151
tape_player,76
tarantula,56
teapot,127
teddy,826
"teddy bear",707
television,3133
"tennis racket",74
tennis_ball,463
terrapin,206
thatch,52
theater_curtain,1124
thimble,166
thresher,93
throne,490
tick,147
tie,695
tiger,219
tiger_cat,287
tiger_shark,129
timber_wolf,84
toaster,205
tobacco_shop,2675
toilet_seat,505
toilet_tissue,594
torch,350
totem_pole,99
tow_truck,128
toyshop,1719
tractor,205
traffic_light,290
trailer_truck,144
train,87
tray,6486
tree_frog,66
trench_coat,104
triceratops,270
tricycle,388
trifle,125
trilobite,189
trimaran,57
tripod,185
triumphal_arch,135
trombone,130
truck,151
tub,145
turnstile,128
tusker,53
tv,113
typewriter_keyboard,95
umbrella,912
unicycle,208
upright,180
vacuum,127
valley,314
vase,745
vault,157
velvet,104
vending_machine,746
vestment,287
viaduct,117
vine_snake,117
violin,290
vizsla,149
volcano,662
volleyball,248
waffle_iron,149
walking_stick,68
wallaby,52
wallet,444
wall_clock,719
wardrobe,95
warplane,115
washbasin,103
washer,190
water_bottle,204
water_buffalo,80
water_jug,137
weasel,138
weevil,64
whippet,68
whiskey_jug,175
whistle,774
white_wolf,91
wig,1436
window_screen,169
window_shade,124
Windsor_tie,563
"wine glass",268
wine_bottle,309
wok,244
wooden_spoon,233
wood_rabbit,73
wool,219
worm_fence,131
wreck,100
zebra,208
zucchini,104
